{"nome":"Anabela Lousado","postagem":"Gostei do atendimento","data":43519}
{"nome":"Anabela Salles","postagem":"Produtos caros","data":43520}
{"nome":"Anacleto Godoi","postagem":"Tem de tudo!","data":43560}
{"nome":"Anacleto Horta","postagem":"òtima qualidade","data":43628}
{"nome":"Andreia Aldea","postagem":"recomendo, vou voltar sempre","data":43643}
{"nome":"Anita Cachão","postagem":"Produtos caros","data":43527}
{"nome":"Anita Sequeira","postagem":"Não encontrei o que precisava","data":43604}
{"nome":"Antero Gusmão","postagem":"Produtos caros","data":43575}
{"nome":"Apuã Alcoforado","postagem":"Demorou para me atender","data":43538}
{"nome":"Araribóia Regalado","postagem":"Muita variedade","data":43533}
{"nome":"Armanda Dourado","postagem":"Gostei do atendimento","data":43523}
{"nome":"Arminda Santana","postagem":"Otima localização","data":43645}
{"nome":"Arminda Tupinambá","postagem":"Produtos caros","data":43553}
{"nome":"Asi Cerqueira","postagem":"Gostei do atendimento","data":43609}
{"nome":"Asi Cortés","postagem":"Gostei do atendimento","data":43642}
{"nome":"Aurélio Márquez","postagem":"Produtos caros","data":43618}
{"nome":"Barnabé Valiente","postagem":"Tem de tudo!","data":43619}
{"nome":"Berengária Góis","postagem":"òtima qualidade","data":43627}
{"nome":"Burtira Boaventura","postagem":"recomendo, vou voltar sempre","data":43582}
{"nome":"Camila Ávila","postagem":"Produtos caros","data":43573}
{"nome":"Carminda Souza","postagem":"Não encontrei o que precisava","data":43561}
{"nome":"Cauê Otero","postagem":"Produtos caros","data":43597}
{"nome":"Celeste Abelho","postagem":"Demorou para me atender","data":43509}
{"nome":"Cid Siqueira","postagem":"Muita variedade","data":43536}
{"nome":"Cláudio Girón","postagem":"Gostei do atendimento","data":43527}
{"nome":"Constantino Flores","postagem":"Otima localização","data":43537}
{"nome":"Cosme Vellozo","postagem":"Produtos caros","data":43622}
{"nome":"Crispim Baptista","postagem":"Gostei do atendimento","data":43521}
{"nome":"Cássia Parreira","postagem":"Gostei do atendimento","data":43545}
{"nome":"Damião Mantas","postagem":"Produtos caros","data":43648}
{"nome":"David Zambujal","postagem":"Tem de tudo!","data":43515}
{"nome":"Delfina Alencastre","postagem":"òtima qualidade","data":43549}
{"nome":"Delfina Medina","postagem":"recomendo, vou voltar sempre","data":43632}
{"nome":"Dina Hidalgo","postagem":"Produtos caros","data":43647}
{"nome":"Dina Lemos","postagem":"Não encontrei o que precisava","data":43610}
{"nome":"Dinis Medeiros","postagem":"Produtos caros","data":43633}
{"nome":"Dinis Prado","postagem":"Demorou para me atender","data":43639}
{"nome":"Dino Amado","postagem":"Muita variedade","data":43544}
{"nome":"Dino Filgueiras","postagem":"Gostei do atendimento","data":43575}
{"nome":"Donato Mascarenhas","postagem":"Otima localização","data":43615}
{"nome":"Délia Sucupira","postagem":"Produtos caros","data":43560}
{"nome":"Edmundo Valido","postagem":"Gostei do atendimento","data":43508}
{"nome":"Eduardo Corte-Real","postagem":"Gostei do atendimento","data":43637}
{"nome":"Eládio Quadros","postagem":"Produtos caros","data":43529}