{"nome":"Ema Oleiro","postagem":"Tem de tudo!","data":43577}
{"nome":"Estela Peixoto","postagem":"òtima qualidade","data":43590}
{"nome":"Eugénio Lisboa","postagem":"recomendo, vou voltar sempre","data":43590}
{"nome":"Eurico Telles","postagem":"Produtos caros","data":43582}
{"nome":"Evandro Cayubi","postagem":"Não encontrei o que precisava","data":43500}
{"nome":"Faustino Neves","postagem":"Produtos caros","data":43570}
{"nome":"Feliciano França","postagem":"Demorou para me atender","data":43543}
{"nome":"Felicidade Ávila","postagem":"Muita variedade","data":43554}
{"nome":"Felícia Montenegro","postagem":"Gostei do atendimento","data":43561}
{"nome":"Filipa Carvalhais","postagem":"Otima localização","data":43511}
{"nome":"Firmino Cantanhede","postagem":"Produtos caros","data":43560}
{"nome":"Flor Carqueijeiro","postagem":"Gostei do atendimento","data":43538}
{"nome":"Floripes Belém","postagem":"Gostei do atendimento","data":43563}
{"nome":"Frutuoso Valle","postagem":"Otima localização","data":43633}