{"nome":"Gabriela Figueiroa","postagem":"Produtos caros","data":43593}
{"nome":"Gaudêncio Damásio","postagem":"Gostei do atendimento","data":43580}
{"nome":"Geraldo Bragança","postagem":"Gostei do atendimento","data":43535}
{"nome":"Germano Borges","postagem":"Produtos caros","data":43512}
{"nome":"Gina Aleixo","postagem":"Tem de tudo!","data":43527}
{"nome":"Giovana Jordán","postagem":"òtima qualidade","data":43598}
{"nome":"Godinho ou Godim Bacelar","postagem":"recomendo, vou voltar sempre","data":43585}
{"nome":"Guadalupe Ramallo","postagem":"Produtos caros","data":43619}
{"nome":"Gui Valim","postagem":"Não encontrei o que precisava","data":43613}
{"nome":"Guilherme Carvalhosa","postagem":"Produtos caros","data":43537}
{"nome":"Guterre Quinaz","postagem":"Demorou para me atender","data":43535}
{"nome":"Gávio Café","postagem":"Muita variedade","data":43622}
{"nome":"Helena Marino","postagem":"Gostei do atendimento","data":43590}
{"nome":"Honório Durão","postagem":"Otima localização","data":43614}
{"nome":"Horácio Parafita","postagem":"Produtos caros","data":43583}
{"nome":"Hélio Martínez","postagem":"Gostei do atendimento","data":43583}
{"nome":"Inaiá Quintais","postagem":"Gostei do atendimento","data":43525}
{"nome":"Isadora Piratininga","postagem":"Otima localização","data":43509}
{"nome":"Isaura Villaverde","postagem":"Produtos caros","data":43514}
{"nome":"Isilda Nolasco","postagem":"Gostei do atendimento","data":43500}
{"nome":"Israel Rebello","postagem":"Produtos caros","data":43544}
{"nome":"Itiberê Puerto","postagem":"Gostei do atendimento","data":43565}
{"nome":"Jacir Amaral","postagem":"Produtos caros","data":43599}
{"nome":"Jerónimo, Jerônimo Rebouças","postagem":"Tem de tudo!","data":43571}
{"nome":"Josefina Marmou","postagem":"òtima qualidade","data":43566}
{"nome":"Josefina Pacheco","postagem":"recomendo, vou voltar sempre","data":43630}